Mutation (Nucleotide),Mutation (Amminoacid),Type,Gene,Percentage
C3037T,F924F,silent,ORF1ab,100.0
C14408T,L4715L,silent,ORF1ab,100.0
A23403G,D614G,missense non conservative,S,100.0
T22917G,L452R,missense non conservative,S,80.0
del 28271:28271,-,deletion frame-shift,non-coding region,77.0
T27638C,F82L,missense non conservative,ORF7a,75.0
G29402T,D377Y,missense non conservative,N,75.0
G28881T,R203M,missense non conservative,N,75.0
C23604G,P681R,missense non conservative,S,75.0
C25469T,Q26STOP,non sense,ORF3a,74.5
A20396G,R6711G,missense non conservative,ORF1ab,64.0
A11201G,T3646A,missense non conservative,ORF1ab,64.0
T21895C,D111D,silent,S,63.0
G17523T,STOP5753L,missense non conservative,ORF1ab,63.0
C4965T,T1567I,missense non conservative,ORF1ab,63.0
C3457T,Y1064Y,silent,ORF1ab,63.0
G23012C,E484Q,missense conservative,S,62.5
G22022A,E154K,missense non conservative,S,62.5
G21987A,G142D,missense non conservative,S,53.0
A24775T,Q1071H,missense non conservative,S,51.5
